순위,선수명,팀명,POS,G,GS,IP,E,PKO,PO,A,DP,FPCT,PB,SB,CS,CS%
1,박해민,LG,중견수,137,131,1100,0,0,351,7,3,1.0,0,0,0,-
1,박성한,SSG,유격수,137,131,1107 1/3,15,0,220,312,85,0.973,0,0,0,-
3,디아즈,삼성,1루수,136,136,1168 2/3,7,0,1051,107,96,0.994,0,0,0,-
3,박찬호,두산,유격수,136,132,1141 1/3,17,0,183,301,63,0.966,0,0,0,-
5,최지훈,SSG,중견수,135,131,1150,4,0,315,5,1,0.988,0,0,0,-
5,정수빈,두산,중견수,135,124,1084,2,0,290,3,0,0.993,0,0,0,-
7,김호령,KIA,중견수,132,126,1103,4,0,333,9,3,0.988,0,0,0,-
8,전민재,롯데,유격수,131,128,1052,16,0,221,308,81,0.971,0,0,0,-
9,류지혁,삼성,2루수,130,120,989 2/3,14,0,237,292,58,0.974,0,0,0,-
10,신민재,LG,2루수,129,110,976 2/3,7,0,237,318,67,0.988,0,0,0,-
11,정준재,SSG,2루수,128,119,1054,4,0,240,372,79,0.994,0,0,0,-
12,김상수,KT,2루수,126,115,940,7,0,200,348,71,0.987,0,0,0,-
13,심우준,한화,유격수,125,114,966 2/3,15,0,179,296,57,0.969,0,0,0,-
14,김주원,NC,유격수,123,121,1036 2/3,19,0,188,319,75,0.964,0,0,0,-
15,박동원,LG,포수,122,98,878,3,3,714,52,5,0.996,6,86,16,15.7
15,허인서,한화,포수,122,100,893 2/3,3,1,762,59,11,0.996,4,46,22,32.4
15,김형준,NC,포수,122,99,846 2/3,5,1,766,77,5,0.994,3,43,20,31.7
15,한승택,KT,포수,122,101,812,0,2,747,63,5,1.0,5,51,18,26.1
19,오지환,LG,유격수,121,112,925 2/3,17,0,167,276,56,0.963,0,0,0,-
19,손성빈,롯데,포수,121,104,848 2/3,10,5,797,80,9,0.989,3,33,12,26.7
21,박민우,NC,2루수,118,113,905,6,0,229,274,58,0.988,0,0,0,-
22,노시환,한화,3루수,117,117,1023 2/3,12,0,82,208,25,0.96,0,0,0,-
23,홍창기,LG,우익수,115,107,900 2/3,2,0,201,5,1,0.99,0,0,0,-
23,페라자,한화,우익수,115,113,891 2/3,3,0,166,7,2,0.983,0,0,0,-
25,김민석,두산,좌익수,114,106,840 1/3,2,0,166,5,1,0.988,0,0,0,-
25,김건희,키움,포수,114,92,824 2/3,7,0,682,67,10,0.991,2,51,23,31.1
27,김지찬,삼성,중견수,113,105,883,2,0,229,5,0,0.992,0,0,0,-
28,김도영,KIA,3루수,111,109,921,8,0,90,196,21,0.973,0,0,0,-
29,황성빈,롯데,중견수,108,102,803,4,0,173,1,0,0.978,0,0,0,-
30,레이예스,롯데,좌익수,107,98,830 1/3,4,0,165,3,2,0.977,0,0,0,-
