순위,선수명,팀명,AVG,G,PA,AB,R,H,2B,3B,HR,TB,RBI,SAC,SF
1,구자욱,삼성,0.37,113,496,419,88,155,30,6,15,242,102,1,5
2,레이예스,롯데,0.356,134,590,539,77,192,36,2,16,280,101,0,3
3,최원준,KT,0.349,131,628,541,114,189,34,4,9,258,72,3,4
4,오스틴,LG,0.341,134,595,504,107,172,33,4,39,330,122,0,4
5,박성한,SSG,0.33,135,586,497,91,164,29,2,4,209,67,0,3
6,박민우,NC,0.322,130,531,457,79,147,26,3,7,200,71,1,4
7,김지찬,삼성,0.321,124,497,418,95,134,10,5,0,154,38,11,4
8,김도영,KIA,0.314,124,543,456,108,143,27,1,41,295,104,0,4
9,최형우,삼성,0.31,127,544,464,59,144,24,0,17,219,102,0,9
10,김민석,두산,0.31,127,485,426,57,132,21,3,5,174,50,2,1
11,서건창,키움,0.308,99,450,386,60,119,13,5,3,151,32,7,1
12,김성윤,삼성,0.306,115,454,389,74,119,20,2,4,155,47,12,3
13,힐리어드,KT,0.305,133,595,525,107,160,21,3,39,304,124,0,9
14,한동희,롯데,0.304,99,419,375,52,114,17,1,23,202,73,0,4
15,문현빈,한화,0.302,124,558,487,82,147,29,4,15,229,74,2,4
16,박건우,NC,0.302,126,497,431,56,130,19,1,20,211,78,1,10
17,디아즈,삼성,0.3,134,594,513,84,154,31,0,25,260,120,0,9
18,나성범,KIA,0.3,129,532,464,72,139,26,0,30,255,91,0,7
19,박재현,KIA,0.297,121,509,472,75,140,22,6,17,225,66,8,1
20,박해민,LG,0.294,134,545,456,75,134,19,2,5,172,56,18,9
21,이우성,NC,0.292,116,420,390,37,114,19,0,6,151,48,1,2
22,강백호,한화,0.289,123,536,478,73,138,22,0,33,259,113,0,5
23,황성빈,롯데,0.288,113,472,430,70,124,12,11,0,158,35,5,2
24,페라자,한화,0.288,130,551,451,87,130,29,2,20,223,68,2,5
25,데이비슨,키움,0.288,118,495,438,56,126,21,2,24,223,81,0,4
26,허인서,한화,0.286,122,432,384,58,110,17,0,20,187,75,4,4
27,김주원,NC,0.286,122,552,482,83,138,21,0,18,213,59,1,3
28,류지혁,삼성,0.283,130,508,434,62,123,18,6,5,168,60,7,3
29,에레디아,SSG,0.283,106,461,420,53,119,23,1,18,198,91,0,5
30,김현수,KT,0.283,134,591,527,64,149,30,0,12,215,88,0,4
