순위,선수명,팀명,ERA,G,W,L,SV,HLD,WPCT,IP,H,HR,BB,HBP,SO,R,ER,WHIP
1,곽빈,두산,2.26,26,11,7,0,0,0.611,155,125,10,39,5,186,44,39,1.06
2,올러,KIA,2.92,28,11,9,0,0,0.55,166 1/3,119,13,56,8,171,58,54,1.05
3,최민석,두산,2.92,26,14,4,0,0,0.778,141 2/3,133,7,53,7,124,58,46,1.31
4,후라도,삼성,3.09,22,9,1,0,0,0.9,139 2/3,144,13,27,4,92,58,48,1.22
5,고영표,KT,3.38,28,14,7,0,0,0.667,167 2/3,160,16,22,11,178,64,63,1.09
6,네일,KIA,3.53,30,12,7,0,0,0.632,176,171,12,36,16,149,71,69,1.18
7,알칸타라,키움,3.87,25,9,9,0,0,0.5,155 2/3,154,19,19,6,137,68,67,1.11
8,구창모,NC,4.01,28,12,7,0,0,0.632,157,160,20,46,6,131,83,70,1.31
9,잭로그,두산,4.15,29,7,7,0,0,0.5,158 1/3,174,19,30,13,135,83,73,1.29
10,로드리게스,롯데,4.28,29,10,11,0,0,0.476,159 2/3,157,23,56,10,186,81,76,1.33
11,임찬규,LG,4.3,29,14,7,0,0,0.667,161 1/3,177,12,40,9,96,79,77,1.35
12,나균안,롯데,4.31,24,6,11,0,0,0.353,137 2/3,157,19,41,2,120,71,66,1.44
13,톨허스트,LG,4.34,28,12,11,0,0,0.522,153 1/3,161,16,34,10,124,76,74,1.27
14,원태인,삼성,4.55,25,7,8,0,0,0.467,140 1/3,164,6,32,8,114,73,71,1.4
15,박세웅,롯데,4.92,25,3,9,0,0,0.25,137 1/3,162,12,49,12,119,83,75,1.54
16,토다,NC,4.94,27,8,10,0,0,0.444,138 1/3,162,21,51,2,100,87,76,1.54
17,비슬리,롯데,4.96,27,10,8,0,0,0.556,147,164,13,44,14,159,85,81,1.41
